Renewable energy Types,Annual Growth Mean (%)
Hydro,3.2135848439172063
Biofuel,23.689268845426955
Solar PV,38.4734030463194
Geothermal,3.2328015578458493
